{
    "Clinical Trial ID": "NCT02872103",
    "Intervention": [
        "INTERVENTION 1: ",
        "  F-627",
        "  F-627, 20 mg fixed dose pre-filled syringe, dosed Day 2 of each of 4 chemotherapy cycles.",
        "INTERVENTION 2: ",
        "  Placebo",
        "  Placebo, pre-filled syringe administered Day 2 of the first chemotherapy cycle; and F-627, 20 mg fixed dose pre-filled syringe administered Day 2 of each of the following 3 chemotherapy cycles."
    ],
    "Eligibility": [
        "Inclusion Criteria:",
        "  Show evidence of a personally signed and dated informed consent document indicating that the patient has been informed of all pertinent aspects of the trial.",
        "  Females  18 years of age and < 75 years of age.",
        "  Diagnosed with Stage II-IV breast cancer.",
        "  Subject is scheduled to undergo 4 cycles of TA chemotherapy (docetaxel, doxorubicin, 75, and 60 mg/m2, respectively).",
        "  ECOG Performance status of  2.",
        "  White Blood Cell count (WBC)  4.0  109/L, hemoglobin  11.5 g/dL and a platelet count  150  109/L.",
        "  Demonstrate adequate renal, hepatic function (Liver function tests (ALT, AST, alkaline phosphatase and total bilirubin)) should be less than 2.5x upper limits of normal (ULN). Serum creatinine should be less than 1.7x ULN.",
        "  All subjects must agree to use at least one of the following types of contraception: intrauterine device, implantable progesterone device, progesterone intramuscular injection, or oral contraceptive, which has been started at least one month prior to visit one and will continue for the duration of the trial. The contraceptive patch or condom use with spermicide is also acceptable forms of contraception as long as they will be used continually throughout the duration of the trial.",
        "Exclusion Criteria:",
        "  Subject is <18 or  75 years of age.",
        "  Disease progression has occurred while receiving a taxane regimen.",
        "  Subject has undergone radiation therapy within 4 weeks of enrollment.",
        "  Subject has undergone bone marrow or stem-cell transplantation.",
        "  Subject has a history of prior malignancy other than breast cancer that is NOT in remission.",
        "  Subjects that have used G-CSF or any other drug that may potentiate the release of neutrophils (i.e. lithium) within 6 weeks of the screening period are excluded.",
        "  Subject has had chemotherapy within 365 days of screening.",
        "  Subject has documented congestive heart failure, cardiomyopathy or myocardial infarction by clinical diagnosis, ECG test, or any other relevant test.",
        "  History of alcohol or drug abuse that would interfere with the ability to be compliant with the study procedure.",
        "  Unwillingness to participate in the study.",
        "  Any underlying medical condition that, in the Investigator's opinion, would make the administration of study drug hazardous to the patient or that would obscure the interpretation of adverse events.",
        "  Receiving other investigational drugs or biologics within 1 month or five half lives of enrollment.",
        "  Any condition, which can cause splenomegaly.",
        "  Chronic constipation or diarrhea, irritable bowel syndrome, inflammatory bowel disease.",
        "  ALT, AST, alkaline phosphatase, total bilirubin  2.5 upper limit of normal.",
        "  Subject with active infection, or known to be infected with chronic active Hepatitis B within the last 1 year (unless shown at the time of study entry to be Hepatitis B antigen negative), or having any history of Hepatitis C.",
        "  Women who are pregnant or breast-feeding.",
        "  Subject known to be seropositive for HIV, or who have had an AIDS defining illness or a known immunodeficiency disorder.",
        "  Subject with a history of tuberculosis or exposure to tuberculosis. Patients that have received a prior chest X-ray for suspicion of tuberculosis are also excluded unless they have been confirmed to be PPD negative or they had latent tuberculosis that has been previously treated.",
        "  Subjects with Sickle Cell disease",
        "  Subjects with known hypersensitivity to E.coli derived proteins' pegfilgrastim' filgrastim, or any other component of the study drug."
    ],
    "Results": [
        "Outcome Measurement: ",
        "  The Duration in Days of Grade 4 (Severe) Neutropenia Observed in Chemotherapy Cycle 1 in Comparison to Placebo",
        "  Subjects will be randomized to F-627 or Placebo at 2:1 ratio. About 24 hours after chemotherapy, subjects will either receive 20mg fixed dose F-627 or Placebo. The subject's absolute neutrophil count (ANC) will be monitored each day post chemotherapy administration until the ANC level exceeds 2.0x10^9/L, then the value will be monitored every three days until the next chemotherapy cycle is entered. The duration of grade 4 neutropenia (ANC <0.5x10^9/L) in this cycle is the primary efficacy endpoint.",
        "  Time frame: The first of 4, 21 Day Chemotherapy Cycles, an average of 3 weeks",
        "Results 1: ",
        "  Arm/Group Title: F-627",
        "  Arm/Group Description: F-627, 20 mg fixed dose pre-filled syringe, dosed Day 2 of each of 4 chemotherapy cycles.",
        "  Overall Number of Participants Analyzed: 83",
        "  Mean (Standard Deviation)",
        "  Unit of Measure: days  1.3         (1.17)",
        "Results 2: ",
        "  Arm/Group Title: Placebo",
        "  Arm/Group Description: Placebo, pre-filled syringe administered Day 2 of the first chemotherapy cycle; and F-627, 20 mg fixed dose pre-filled syringe administered Day 2 of each of the following 3 chemotherapy cycles.",
        "  Overall Number of Participants Analyzed: 39",
        "  Mean (Standard Deviation)",
        "  Unit of Measure: days  3.9         (1.35)"
    ],
    "Adverse Events": [
        "Adverse Events 1:",
        "  Total: 4/83 (4.82%)",
        "  Febrile Neutropenia *3/83 (3.61%)",
        "  Diarrhea *0/83 (0.00%)",
        "  Pneumonia *0/83 (0.00%)",
        "  Tumor hemorrhage *1/83 (1.20%)",
        "Adverse Events 2:",
        "  Total: 10/39 (25.64%)",
        "  Febrile Neutropenia *10/39 (25.64%)",
        "  Diarrhea *1/39 (2.56%)",
        "  Pneumonia *0/39 (0.00%)",
        "  Tumor hemorrhage *0/39 (0.00%)"
    ]
}